,City,Cloudiness,Country,Date,Humidity,Lat,Lng,Max Temp,Wind Speed
0,Punta Arenas,75,CL,1566684707,75,-53.16,-70.91,44.6,10.29
1,Mataura,50,NZ,1566684709,92,-46.19,168.86,48.0,5.99
2,Tasiilaq,97,GL,1566684711,75,65.61,-37.64,44.6,6.93
3,Kungurtug,94,RU,1566684712,87,50.6,97.53,39.98,0.49
4,Surazh,32,RU,1566684713,83,53.01,32.39,57.8,2.84
5,Yelizovo,75,RU,1566684715,87,53.19,158.38,51.8,4.47
6,Bathsheba,75,BB,1566684511,74,13.22,-59.52,84.2,17.22
7,Cabo San Lucas,75,MX,1566684646,78,22.89,-109.91,90.0,3.36
8,Suraabad,0,AZ,1566684720,73,40.82,49.47,75.2,6.93
9,Abhaynagar,100,BD,1566684722,90,23.01,89.4,78.86,8.37
10,Kruisfontein,0,ZA,1566684723,67,-34.0,24.73,55.82,5.44
11,Port Hedland,0,AU,1566684724,76,-20.31,118.58,57.2,4.7
12,Port Elizabeth,1,US,1566684726,49,39.31,-74.98,78.01,10.29
13,Victoria,75,BN,1566684727,88,5.28,115.24,80.6,2.24
14,Butaritari,100,KI,1566684728,70,3.07,172.79,84.62,6.98
15,Arraial do Cabo,75,BR,1566684730,77,-22.97,-42.02,69.8,9.17
16,Albany,75,US,1566684510,53,42.65,-73.75,73.99,6.93
17,Sabang,100,PH,1566684733,95,13.8,121.11,75.99,0.96
18,Airai,0,TL,1566684735,59,-8.93,125.41,65.54,4.21
19,Vanavara,100,RU,1566684736,96,60.35,102.28,48.44,4.34
20,Ushuaia,75,AR,1566684738,61,-54.81,-68.31,46.4,5.82
21,Klaksvik,100,FO,1566684740,93,62.23,-6.59,51.8,20.8
22,Bluff,0,AU,1566684742,82,-23.58,149.07,56.0,4.85
23,Carutapera,37,BR,1566684745,80,-1.2,-46.02,79.04,8.52
24,Berlevag,100,NO,1566684746,67,70.86,29.09,44.12,7.96
25,Georgetown,20,GY,1566684642,70,6.8,-58.16,86.0,10.29
26,Sassandra,100,CI,1566684749,94,4.95,-6.09,72.92,4.05
27,Atuona,4,PF,1566684751,70,-9.8,-139.03,79.22,12.77
28,Barrow,67,AR,1566684753,63,-38.31,-60.23,59.78,9.51
29,Clyde River,97,CA,1566684754,47,70.47,-68.59,51.32,1.74
30,Olinda,20,AU,1566684756,86,-37.84,145.39,48.0,10.29
31,Tynda,41,RU,1566684757,94,55.15,124.74,48.62,0.87
32,Saint George,0,GR,1566684759,53,39.45,22.34,80.6,5.82
33,Kahului,40,US,1566684760,52,20.89,-156.47,89.6,17.22
34,Nantucket,40,US,1566684743,72,41.28,-70.1,69.01,19.46
35,Havoysund,53,NO,1566684763,86,71.0,24.66,39.2,4.7
36,Broome,99,GB,1566684764,87,52.47,1.45,66.2,2.24
37,Salalah,75,OM,1566684766,94,17.01,54.1,78.8,6.93
38,Cap Malheureux,75,MU,1566684767,94,-19.98,57.61,68.0,5.82
39,Jamestown,2,AU,1566684623,94,-33.21,138.6,37.1,3.44
40,Houma,100,CN,1566684769,86,35.63,111.36,68.78,9.17
41,Poum,91,MK,1566684772,85,41.28,20.71,61.04,3.8
42,Avarua,80,CK,1566684773,83,-21.21,-159.78,77.0,11.41
43,Rikitea,73,PF,1566684774,68,-23.12,-134.97,69.5,23.26
44,Pevek,0,RU,1566684776,78,69.7,170.27,42.32,1.12
45,Salaya,100,IN,1566684778,76,22.31,69.6,81.74,13.0
46,Yellowknife,75,CA,1566684505,63,62.45,-114.38,60.8,4.7
47,Nanchang,3,CN,1566684781,90,28.68,115.89,75.44,6.53
48,Saint-Philippe,1,CA,1566684782,60,45.36,-73.48,75.0,7.81
49,Luderitz,0,NA,1566684783,54,-26.65,15.16,71.6,10.22
50,Uniontown,1,US,1566684485,38,39.9,-79.72,75.99,10.29
51,Mahebourg,75,MU,1566684786,94,-20.41,57.7,68.0,5.82
52,Puerto Ayora,20,EC,1566684788,61,-0.74,-90.35,80.6,19.46
53,Kavaratti,100,IN,1566684789,79,10.57,72.64,81.56,16.11
54,East London,0,ZA,1566684791,25,-33.02,27.91,65.54,5.37
55,Sola,100,TZ,1566684792,48,-3.17,33.8,72.92,8.41
56,Tuktoyaktuk,75,CA,1566684794,81,69.44,-133.03,42.8,18.34
57,Oranjemund,0,ZA,1566684795,62,-28.55,16.43,61.04,4.32
58,Grindavik,40,IS,1566684797,93,63.84,-22.43,51.8,6.93
59,Pangnirtung,100,CA,1566684798,51,66.15,-65.72,47.72,5.77
60,Torbay,75,CA,1566684799,76,47.66,-52.73,54.0,17.22
61,Leningradskiy,94,RU,1566684801,86,69.38,178.42,42.68,6.6
62,Khatanga,40,RU,1566684803,96,71.98,102.47,48.8,7.05
63,Vaini,65,IN,1566684804,92,15.34,74.49,75.26,2.28
64,Castro,75,CL,1566684806,81,-42.48,-73.76,50.0,11.41
65,Cape Town,0,ZA,1566684807,87,-33.93,18.42,60.01,12.75
66,Kapaa,40,US,1566684809,66,22.08,-159.32,89.6,12.75
67,Pringsewu,73,ID,1566684810,97,-5.36,104.98,68.24,1.45
68,Jieshi,100,CN,1566684811,93,22.82,115.83,78.14,5.97
69,Rudnaya Pristan,89,RU,1566684813,98,44.36,135.82,51.14,0.92
70,Paamiut,0,GL,1566684814,78,61.99,-49.67,42.32,14.76
71,Constitucion,75,MX,1566684816,31,23.99,-104.67,78.8,9.22
72,Smithers,75,CA,1566684817,82,54.78,-127.17,57.2,4.7
73,Busselton,100,AU,1566684819,66,-33.64,115.35,43.0,11.36
74,Qaanaaq,92,GL,1566684821,66,77.48,-69.36,37.82,16.93
75,Santa Fe,59,AR,1566684822,47,-31.62,-60.7,66.99,1.99
76,High Prairie,100,CA,1566684823,62,55.43,-116.48,64.82,11.1
77,Nemuro,97,JP,1566684824,88,43.32,145.57,60.86,10.49
78,Arlit,100,NE,1566684826,68,18.74,7.39,80.48,21.61
79,Beloha,57,MG,1566684827,73,-25.17,45.06,66.8,16.46
80,Lebu,75,ET,1566684829,87,8.96,38.73,57.2,1.12
81,Tabuk,100,PH,1566684833,93,17.41,121.44,65.36,1.63
82,Samarai,52,PG,1566684835,89,-10.62,150.67,70.04,5.06
83,West Wendover,1,US,1566684647,14,40.74,-114.07,91.4,5.82
84,Santa Maria,0,BR,1566684745,26,-16.02,-48.01,84.2,6.93
85,Ponta do Sol,0,BR,1566684840,42,-20.63,-46.0,66.62,5.41
86,Hobart,40,AU,1566684841,75,-42.88,147.33,46.0,4.7
87,Tiksi,64,RU,1566684842,89,71.64,128.87,47.18,6.96
88,Dingle,100,PH,1566684844,86,11.0,122.67,74.18,3.31
89,Cobija,20,BR,1566684845,44,-11.02,-68.77,95.0,4.7
90,Turukhansk,100,RU,1566684846,90,65.8,87.96,55.28,9.78
91,Rocha,100,UY,1566684848,85,-34.48,-54.34,52.58,7.16
92,Lata,97,IN,1566684849,97,30.78,78.62,44.12,1.34
93,Harer,1,US,1566684851,22,42.19,-111.17,87.01,11.41
94,Bubaque,100,GW,1566684852,83,11.28,-15.83,79.76,16.49
95,Vanimo,100,PG,1566684854,79,-2.67,141.3,80.84,5.21
96,Longyearbyen,75,NO,1566684855,80,78.22,15.63,39.2,8.05
97,Provideniya,26,RU,1566684857,50,64.42,-173.23,52.94,3.65
98,Balaipungut,98,ID,1566684858,98,1.11,101.31,72.56,1.77
99,Sidi Ali,0,DZ,1566684860,85,36.1,0.42,76.16,23.67
100,Macapa,20,BR,1566684862,62,0.05,-51.07,87.8,9.17
101,Rajpur,100,IN,1566684864,81,26.3,79.68,81.92,5.21
102,Dikson,100,RU,1566684865,95,73.51,80.55,41.06,17.16
103,Prince Rupert,90,CA,1566684732,93,54.32,-130.32,57.2,4.7
104,Severo-Kurilsk,100,RU,1566684868,93,50.68,156.12,47.72,31.32
105,Claveria,90,PH,1566684869,90,8.61,124.89,75.0,5.01
106,Bredasdorp,0,ZA,1566684871,93,-34.53,20.04,53.6,2.24
107,Nagyoroszi,0,HU,1566684872,73,48.0,19.09,78.01,8.05
108,Grand Gaube,75,MU,1566684873,94,-20.01,57.66,68.0,5.82
109,Kholtoson,58,RU,1566684724,96,50.3,103.31,42.86,2.35
110,Port Alfred,0,ZA,1566684876,74,-33.59,26.89,63.0,5.01
111,Quiindy,0,PY,1566684878,50,-25.98,-57.23,74.18,6.69
112,Puerto Penasco,20,MX,1566684879,46,31.32,-113.53,93.2,18.34
113,Vao,0,EE,1566684881,93,59.1,26.19,55.1,2.51
114,Sabile,0,LV,1566684882,89,57.05,22.57,55.82,2.3
115,Port Lincoln,71,AU,1566684883,56,-34.72,135.86,52.04,8.97
116,Hithadhoo,100,MV,1566684885,71,-0.6,73.08,82.46,8.23
117,Mushie,81,CD,1566684886,81,-3.02,16.92,74.54,4.16
118,Chuy,95,UY,1566684887,81,-33.69,-53.46,52.76,8.25
119,Langub,40,PH,1566684889,88,7.11,125.56,78.8,4.79
120,Ostersund,100,SE,1566684890,77,63.18,14.64,59.0,9.17
121,Sanguem,65,IN,1566684891,92,15.23,74.14,75.26,2.28
122,Cairns,75,AU,1566684852,82,-16.92,145.77,66.99,8.05
123,Talnakh,75,RU,1566684622,93,69.49,88.39,53.6,6.71
124,Hilo,90,US,1566684817,62,19.71,-155.08,86.0,9.17
125,Denpasar,40,ID,1566684717,94,-8.65,115.22,75.2,8.05
126,Kindu,68,CD,1566684899,47,-2.95,25.92,79.58,2.73
127,Necochea,100,AR,1566684901,67,-38.55,-58.74,54.0,5.99
128,Pajapan,5,MX,1566684902,50,18.26,-94.69,98.6,6.93
129,Aneby,0,SE,1566684904,93,57.84,14.81,51.8,2.95
130,Lazaro Cardenas,40,MX,1566684905,42,28.39,-105.62,84.2,10.29
131,Taunggyi,83,MM,1566684837,97,20.78,97.03,66.44,1.14
132,Utiel,0,ES,1566684908,74,39.57,-1.21,78.8,11.25
133,Cidreira,0,BR,1566684910,71,-30.17,-50.22,57.8,8.52
134,Ribeira Grande,40,PT,1566684911,79,38.52,-28.7,68.96,16.82
135,Katsuura,20,JP,1566684913,94,33.93,134.5,75.0,6.93
136,Carballo,0,ES,1566684915,88,43.21,-8.69,68.0,5.82
137,New Norfolk,40,AU,1566684916,75,-42.78,147.06,46.0,4.7
138,Beba,75,CU,1566684918,74,22.44,-79.73,86.0,3.36
139,Gimbi,75,ET,1566684920,89,8.81,37.79,52.4,1.57
140,Qaqortoq,98,GL,1566684921,29,60.72,-46.03,51.8,18.34
141,Nikolskoye,20,RU,1566684923,87,59.7,30.79,57.99,6.71
142,Kailua,90,US,1566684925,70,21.39,-157.74,89.6,12.75
143,Mar del Plata,100,AR,1566684927,54,-46.43,-67.52,54.02,12.77
144,Zaltan,0,LY,1566684929,71,32.95,11.87,79.04,12.86
145,Kaliua,77,TZ,1566684931,38,-5.06,31.79,73.46,4.38
146,Ust-Kuyga,61,RU,1566684932,82,70.0,135.55,52.94,2.51
147,Buala,100,SB,1566684934,83,-8.15,159.59,79.94,15.12
148,Umuarama,0,BR,1566684936,51,-23.76,-53.31,72.02,4.45
149,Esperance,74,AU,1566684937,86,-33.86,121.89,41.0,8.05
150,Kirakira,100,SB,1566684938,87,-10.46,161.92,77.78,10.92
151,Vredefort,0,ZA,1566684940,27,-27.0,27.37,49.52,5.66
152,Alta Floresta,100,BR,1566684941,42,-9.87,-56.08,84.62,1.88
153,Souillac,0,FR,1566684942,60,45.6,-0.6,77.0,6.93
154,Chokurdakh,100,RU,1566684944,56,70.62,147.9,57.98,7.18
155,Ulaangom,0,MN,1566684946,53,49.98,92.07,51.14,4.16
156,Thompson,90,CA,1566684947,93,55.74,-97.86,66.2,4.7
157,Bilibino,97,RU,1566684949,51,68.06,166.44,56.0,5.55
158,Tautira,20,PF,1566684951,65,-17.73,-149.15,84.0,12.75
159,Eenhana,0,NA,1566684953,15,-17.48,16.34,61.04,7.78
160,Demba,0,CD,1566684954,28,-5.47,22.27,75.8,1.88
161,Meridian,1,US,1566684726,15,43.61,-116.39,93.99,6.93
162,Deputatskiy,0,RU,1566684957,84,69.3,139.9,51.86,5.53
163,Cherskiy,86,RU,1566684959,41,68.75,161.3,61.4,4.5
164,Sur,0,OM,1566684960,56,22.57,59.53,83.18,12.57
165,Harper,40,US,1566684962,52,30.3,-99.24,93.2,13.87
166,Zima,16,RU,1566684964,94,53.93,102.05,47.36,2.42
167,Portland,75,US,1566684936,56,43.66,-70.25,71.01,10.29
168,Pascagoula,1,US,1566684720,66,30.37,-88.56,93.0,11.41
169,Upernavik,100,GL,1566684969,65,72.79,-56.15,43.76,9.93
170,Takapau,100,NZ,1566684971,75,-40.02,176.35,55.0,15.01
171,Fairbanks,1,US,1566684972,76,64.84,-147.72,57.99,4.7
172,Geraldton,75,CA,1566684974,49,49.72,-86.95,68.0,12.75
173,Taft,100,PH,1566684975,98,11.9,125.42,72.74,1.41
174,Zwedru,100,LR,1566684976,96,6.07,-8.13,71.66,3.89
175,Fort Frances,20,CA,1566684978,50,48.61,-93.4,78.01,9.17
176,Medea,20,DZ,1566684782,83,36.27,2.77,77.0,6.93
177,Santa Marta,75,CO,1566684981,70,11.24,-74.21,86.0,16.11
178,Gushikawa,20,JP,1566684982,83,26.35,127.87,84.2,10.29
179,San Patricio,0,PY,1566684983,69,-26.98,-56.83,68.78,5.48
180,Los Llanos de Aridane,0,ES,1566684985,83,28.66,-17.92,75.2,13.87
181,Sagae,75,JP,1566684986,88,38.43,140.23,69.8,3.36
182,Muros,0,ES,1566684987,87,42.77,-9.06,64.99,4.7
183,Quang Ngai,100,VN,1566684780,95,15.12,108.8,70.4,2.08
184,Trapani,0,IT,1566684990,83,38.02,12.54,81.0,4.7
185,Tolaga Bay,0,NZ,1566684991,71,-38.37,178.3,47.54,2.77
186,Faya,77,SA,1566684992,88,18.39,42.45,69.8,13.87
187,Narsaq,98,GL,1566684994,29,60.91,-46.05,51.8,18.34
188,Staryy Nadym,100,RU,1566684995,94,65.61,72.68,45.02,26.33
189,Raudeberg,99,NO,1566684996,82,61.99,5.14,66.99,20.8
190,Luganville,75,VU,1566684998,65,-15.51,167.18,77.0,13.87
191,Chimore,40,BO,1566684999,30,-16.98,-65.13,86.78,2.55
192,Krasnyy Chikoy,100,RU,1566684724,98,50.36,108.75,53.84,2.71
193,Kohlu,0,PK,1566685002,30,29.9,69.25,83.0,5.57
194,Saldanha,100,PT,1566685004,35,41.42,-6.55,76.34,4.5
195,Hermanus,0,ZA,1566685005,73,-34.42,19.24,55.99,5.01
196,Broken Hill,75,AU,1566685006,75,-31.97,141.45,44.6,13.87
197,Fortuna,20,ES,1566685008,83,38.18,-1.13,77.0,1.12
198,Bethel,40,US,1566685010,62,60.79,-161.76,59.0,9.17
199,Mathathane,0,BW,1566685012,54,-22.27,28.75,57.8,7.27
200,Cassilandia,0,BR,1566685013,23,-19.11,-51.73,82.28,7.34
201,Peleduy,65,RU,1566685015,75,59.63,112.75,57.62,10.65
202,Makakilo City,75,US,1566685016,62,21.35,-158.09,89.6,11.41
203,Isangel,90,VU,1566685017,60,-19.55,169.27,71.6,4.7
204,Burnie,0,AU,1566685019,92,-41.05,145.91,37.64,3.78
205,Kodiak,75,US,1566685020,69,39.95,-94.76,75.2,12.75
206,Mezhdurechensk,54,RU,1566685021,98,53.69,88.07,50.06,3.47
207,Catumbela,19,AO,1566685023,92,-12.43,13.55,64.64,2.51
208,Cartagena,20,ES,1566685024,73,37.63,-1.0,77.0,5.82
209,Koindu,100,GN,1566685026,98,8.44,-10.33,70.04,2.89
210,Norman Wells,75,CA,1566685027,76,65.28,-126.83,50.0,11.41
211,Otradnoye,20,RU,1566685029,87,59.77,30.8,57.99,6.71
212,Presidente Medici,96,BR,1566685030,27,-11.18,-61.9,93.98,4.34
213,Dryden,1,CA,1566685031,50,49.79,-92.84,77.0,13.89
214,Lagunas,70,PE,1566685033,61,-5.23,-75.68,86.78,1.54
215,Sokolow Podlaski,0,PL,1566685034,73,52.41,22.25,57.0,5.01
216,Gwanda,0,ZW,1566685036,57,-20.94,29.0,57.26,5.61
217,Saint-Pierre,0,FR,1566685037,64,48.95,4.24,68.0,3.36
218,Half Moon Bay,5,US,1566685038,64,37.46,-122.43,82.99,9.17
219,Vuktyl,95,RU,1566685040,95,63.86,57.31,46.64,4.41
220,Iqaluit,90,CA,1566685041,76,63.75,-68.52,53.6,16.11
221,Locri,5,IT,1566685043,78,38.24,16.26,82.4,2.24
222,Kaitangata,73,NZ,1566685044,63,-46.28,169.85,51.01,4.81
223,Pisco,0,PE,1566685046,30,-13.71,-76.2,71.6,9.17
224,Uruzgan,0,AF,1566685047,24,32.93,66.63,48.8,1.32
225,Moron,67,HT,1566685049,68,18.56,-74.26,83.9,3.58
226,Saint-Augustin,20,CA,1566685050,46,45.63,-73.98,75.0,6.93
227,Vestmanna,100,FO,1566685051,93,62.16,-7.17,51.8,20.8
228,Zaoyang,67,CN,1566685053,77,32.12,112.76,74.9,3.91
229,Ugoofaaru,100,MV,1566685054,76,5.67,73.0,82.1,13.47
230,Comodoro Rivadavia,75,AR,1566685057,54,-45.87,-67.48,59.0,9.17
231,Biu,100,NG,1566685059,87,10.61,12.19,70.76,4.63
232,Saskylakh,11,RU,1566685060,85,71.97,114.09,46.46,3.91
233,Dunedin,100,NZ,1566685061,69,-45.87,170.5,47.18,8.48
234,Ilulissat,5,GL,1566684789,39,69.22,-51.1,48.2,18.34
235,San Cristobal,31,HN,1566685064,36,14.68,-86.92,88.04,10.13
236,Waingapu,30,ID,1566685066,87,-9.65,120.26,66.26,7.16
237,Codrington,0,AU,1566685067,93,-28.95,153.24,60.01,8.05
238,Warri,100,NG,1566684788,91,5.52,5.75,74.9,3.24
239,Adrar,81,DZ,1566685070,11,27.87,-0.29,100.4,6.93
240,Alice Springs,0,AU,1566685071,39,-23.7,133.88,46.4,5.82
241,Coffs Harbour,0,AU,1566684896,55,-30.3,153.13,62.6,6.93
242,Cuyamel,20,HN,1566685075,56,15.66,-88.19,93.2,19.46
243,Marzuq,0,YE,1566685077,42,14.4,46.47,80.66,5.39
244,Port Augusta,90,AU,1566685078,71,-32.49,137.76,50.0,6.93
245,Hamilton,20,CA,1566685079,56,43.26,-79.87,73.0,14.99
246,Areosa,0,PT,1566685081,93,41.72,-8.86,64.99,6.93
247,Vardo,40,US,1566685082,40,39.62,-77.74,75.99,6.93
248,Port Hardy,75,CA,1566685084,82,50.7,-127.42,60.8,4.7
249,Port-Gentil,90,GA,1566684847,88,-0.72,8.78,77.0,6.93
250,Cayenne,0,GF,1566685088,70,4.94,-52.33,84.2,8.05
251,Axim,100,GH,1566685089,91,4.87,-2.24,75.62,12.06
252,Oktyabrskiy,0,RU,1566685091,67,55.61,37.97,64.0,6.71
253,Le Port,0,FR,1566685093,38,42.87,1.37,73.0,5.99
254,Tabas,0,IR,1566685094,15,33.6,56.92,80.6,2.24
255,Lima,90,PE,1566684923,82,-12.06,-77.04,60.8,10.29
256,Ancud,75,CL,1566685097,81,-41.87,-73.83,50.0,11.41
257,Borovoy,100,RU,1566685098,94,63.23,52.89,48.62,4.47
258,Lorengau,21,PG,1566685100,84,-2.02,147.27,80.12,10.27
259,Inta,100,RU,1566685102,92,66.04,60.13,47.18,2.44
260,Kavieng,91,PG,1566685104,76,-2.57,150.8,83.0,14.97
261,Ust-Maya,100,RU,1566685105,97,60.42,134.54,55.64,2.3
262,Greenwood,100,CA,1566685107,38,49.09,-118.68,78.01,4.0
263,Hualmay,11,PE,1566685108,90,-11.1,-77.61,58.88,12.57
264,Riyadh,0,SA,1566685111,18,24.63,46.72,89.6,5.82
265,Thinadhoo,100,MV,1566685113,69,0.53,72.93,82.82,7.11
266,Touros,75,BR,1566685115,88,-5.2,-35.46,75.2,8.05
267,Murray Bridge,78,AU,1566685118,88,-35.12,139.28,45.0,3.0
268,Santa Rosalia,1,MX,1566685119,34,31.87,-112.87,97.0,1.01
269,Gouloure,20,BF,1566685120,94,12.23,-1.93,77.0,6.93
270,Okhotsk,100,RU,1566685122,91,59.36,143.24,54.56,2.68
271,Sao Filipe,57,CV,1566685124,86,14.9,-24.5,78.5,11.52
272,Lagedi,0,EE,1566685125,93,59.4,24.94,55.4,2.24
273,Te Anau,50,NZ,1566685127,78,-45.41,167.72,45.38,9.13
274,Bambanglipuro,92,ID,1566685128,86,-7.95,110.28,73.46,6.24
275,Salto,0,BR,1566685130,55,-23.2,-47.29,64.4,18.34
276,Inuvik,90,CA,1566685131,62,68.36,-133.71,48.2,10.29
277,Mackay,90,CA,1566685132,87,53.65,-115.58,66.2,10.29
278,Shache,94,CN,1566685134,51,38.42,77.24,75.99,7.18
279,Bambous Virieux,75,MU,1566685135,94,-20.34,57.76,68.0,10.29
280,Koudougou,100,BF,1566685137,83,12.25,-2.37,75.44,10.45
281,Dalvik,0,SE,1566685139,93,57.79,14.13,54.0,1.5
282,Guerrero Negro,7,MX,1566685140,74,27.97,-114.04,76.34,6.55
283,Tura,71,RU,1566685142,81,64.27,100.22,49.52,3.2
284,Zaigrayevo,75,RU,1566685143,87,51.83,108.27,59.0,2.24
285,Carnarvon,0,ZA,1566685145,20,-30.97,22.13,60.5,10.25
286,Chicama,0,PE,1566685146,77,-7.84,-79.15,66.2,9.17
287,Karratha,0,AU,1566685148,45,-20.74,116.85,62.48,7.09
288,Aloleng,100,PH,1566685150,79,16.13,119.78,83.54,18.43
289,Lasa,20,CY,1566685151,94,34.92,32.53,80.6,5.82
290,Zyryanka,83,RU,1566685152,66,65.73,150.89,64.1,8.01
291,Rodrigues Alves,75,BR,1566685154,83,-7.74,-72.65,78.8,3.36
292,Puerto Cabello,8,VE,1566685155,50,10.47,-68.01,89.66,8.14
293,Zapresic,100,HR,1566685157,93,45.86,15.81,71.01,3.36
294,Santa Rosa,23,AR,1566685158,42,-36.62,-64.29,70.04,8.75
295,Haines Junction,100,CA,1566685160,93,60.75,-137.51,40.52,4.61
296,San Andres,100,PH,1566685161,85,13.32,122.68,79.22,9.48
297,Lagos,20,NG,1566685121,88,6.46,3.39,77.0,5.82
298,Atar,1,MR,1566685164,31,20.52,-13.05,94.7,12.39
299,Margate,40,AU,1566685166,75,-43.03,147.26,46.0,4.7
300,Marrakesh,40,MA,1566685167,19,31.63,-7.99,95.0,9.17
301,Boende,81,CD,1566685169,92,-0.28,20.88,72.2,3.6
302,Poronaysk,96,RU,1566685171,91,49.22,143.1,50.42,3.42
303,Senno,58,RU,1566685173,82,57.76,27.95,57.2,4.47
304,Belyy Yar,40,RU,1566685175,93,53.6,91.39,55.4,8.95
305,Yarmouth,20,CA,1566685158,53,43.84,-66.12,72.0,17.22
306,Dromolaxia,20,CY,1566685178,88,34.88,33.59,86.0,3.36
307,Nanakuli,90,US,1566685180,66,21.39,-158.15,88.0,11.41
308,Umm Kaddadah,0,SD,1566685182,46,13.6,26.69,84.98,8.63
309,Amapa,20,HN,1566685161,56,15.09,-87.97,93.2,19.46
310,Mungaoli,100,IN,1566685185,86,24.41,78.09,77.78,1.79
311,Tessalit,64,ML,1566685186,40,20.2,1.01,90.56,8.84
312,Sao Joao da Barra,0,BR,1566685188,88,-21.64,-41.05,68.0,6.31
313,Chapais,1,CA,1566685189,37,49.78,-74.86,71.6,4.7
314,Nadym,100,RU,1566685191,92,65.53,72.51,46.28,29.91
315,Kichera,97,RU,1566685193,92,55.93,110.1,51.5,0.56
316,Lompoc,1,US,1566684909,64,34.64,-120.46,82.0,14.99
317,Poddorye,94,RU,1566685197,88,57.47,31.12,54.02,3.74
318,Husavik,100,CA,1566685198,36,50.56,-96.99,82.99,14.0
319,Chaihe,2,CN,1566685201,96,44.77,129.68,51.14,1.92
320,Honiara,75,SB,1566685202,100,-9.43,159.96,75.2,6.93
321,Harnosand,100,SE,1566685205,87,62.63,17.94,59.0,2.24
322,Melito di Porto Salvo,0,IT,1566685206,65,37.92,15.77,82.4,4.7
323,Rio Grande,0,BR,1566685208,82,-32.03,-52.1,57.2,9.17
324,Port Blair,100,IN,1566685210,81,11.67,92.75,81.38,23.44
325,Ngorongoro,70,TZ,1566685212,79,-3.24,35.49,63.2,19.3
326,Atasu,0,KZ,1566685213,47,48.68,71.64,61.58,2.21
327,Pacific Grove,1,US,1566685215,60,36.62,-121.92,91.0,10.29
328,Tadine,80,NC,1566685216,66,-21.55,167.88,68.24,17.43
329,Bakchar,44,RU,1566685191,96,57.02,82.07,55.46,5.12
330,Praia,0,BR,1566685219,56,-20.25,-43.81,69.8,12.75
331,Meulaboh,100,ID,1566685221,89,4.14,96.13,75.44,11.32
332,Ahipara,100,NZ,1566685222,100,-35.17,173.16,59.0,20.65
333,Kilimatinde,1,TZ,1566685224,76,-5.75,34.82,62.66,9.62
334,Pedasi,100,PA,1566685226,70,7.53,-80.03,83.54,7.56
335,Namibe,44,AO,1566685228,88,-15.19,12.15,67.52,7.99
336,Esqueda,80,MX,1566685230,63,30.72,-109.59,74.9,7.54
337,Lapua,0,FI,1566685233,93,62.97,23.01,48.2,3.36
338,Dali,10,CN,1566685234,74,34.79,109.94,72.74,7.9
339,Jaguaruana,20,BR,1566685236,70,-4.83,-37.78,84.2,12.75
340,Wakkanai,100,JP,1566685238,86,45.41,141.67,60.32,12.1
341,Mucuri,69,BR,1566685239,77,-18.08,-39.55,71.66,6.11
342,Ixtapa,75,MX,1566685241,63,20.71,-105.21,93.2,4.7
343,Marienburg,0,DE,1566685242,64,52.12,9.98,71.6,4.7
344,Caceres,0,CO,1566685244,32,5.53,-74.53,87.86,6.24
345,Fort Nelson,40,CA,1566685245,49,58.81,-122.69,68.0,3.36
346,Yining,15,CN,1566685246,94,29.04,114.56,73.1,2.82
347,Susanville,1,US,1566684973,19,40.42,-120.65,91.4,16.11
348,Tuatapere,90,NZ,1566685249,93,-46.13,167.69,48.0,8.01
349,Galle,100,GN,1566685251,98,10.08,-12.83,70.04,3.24
350,Puerto Escondido,40,MX,1566685253,70,15.86,-97.07,87.8,6.93
351,Fuzhou,75,CN,1566685255,78,26.08,119.3,82.4,6.71
352,Sembakung,96,ID,1566685256,98,3.82,117.25,72.56,1.12
353,Luwuk,100,ID,1566685258,98,-0.95,122.79,63.38,4.25
354,Palmer,20,AU,1566685120,87,-34.85,139.16,45.0,3.36
355,Aquin,60,HT,1566685262,69,18.28,-73.39,84.8,4.72
356,Challans,0,FR,1566685263,77,46.85,-1.88,68.0,7.7
357,Kjollefjord,86,NO,1566685265,64,70.95,27.35,44.3,6.89
358,Sorland,75,NO,1566685267,87,67.67,12.69,53.6,11.41
359,Monte Patria,0,CL,1566685269,18,-30.69,-70.96,75.44,7.0
360,Gornyak,0,KZ,1566685271,55,51.0,81.46,60.68,5.12
361,Kargil,0,PK,1566685273,71,34.56,76.13,47.18,9.98
362,Kashirskoye,0,RU,1566685274,71,51.42,39.61,53.6,4.47
363,Hofn,79,IS,1566685276,80,64.25,-15.21,40.7,16.11
364,La Paz,20,MX,1566685278,34,24.15,-110.32,95.0,16.11
365,Nishihara,1,JP,1566685279,78,35.74,139.53,77.0,4.7
366,Juneau,75,US,1566685281,77,58.3,-134.42,60.8,3.36
367,Yar-Sale,100,RU,1566685283,76,66.83,70.83,47.18,20.33
368,Yasugi,20,JP,1566685284,83,35.43,133.25,75.2,4.7
369,Cranbrook,75,CA,1566685286,27,49.51,-115.76,77.0,6.93
370,Newport,20,US,1566685203,56,41.49,-71.31,73.0,13.87
371,Shenjiamen,66,CN,1566685290,87,29.96,122.3,82.64,13.96
372,Sturgeon Bay,40,US,1566685292,56,44.83,-87.38,73.99,4.7
373,Hami,100,CN,1566685294,27,42.84,93.51,75.62,20.96
374,Kutum,12,SD,1566685295,56,14.2,24.66,77.24,7.43
375,Constantine,20,DZ,1566685172,82,36.36,6.61,68.0,2.66
376,Zaysan,0,KZ,1566685298,61,47.47,84.87,53.3,6.64
377,Butterworth,75,MY,1566685300,83,5.4,100.37,78.8,2.1
378,Lagoa,0,PT,1566685301,78,37.14,-8.45,77.0,6.93
379,The Valley,40,AI,1566685092,74,18.22,-63.06,87.8,13.87
380,Oistins,40,BB,1566685304,70,13.07,-59.53,84.2,17.22
381,Puerto Carreno,75,CO,1566685306,88,6.19,-67.49,75.2,0.92
382,Cheremshanka,100,RU,1566685308,85,47.9,142.19,55.1,13.49
383,Sharjah,0,AE,1566685310,39,25.36,55.39,95.0,4.7
384,Guangzhou,20,CN,1566685312,74,23.13,113.26,88.0,4.47
385,Gwadar,0,PK,1566685314,80,25.12,62.33,81.92,7.4
386,Aklavik,90,CA,1566685316,65,68.22,-135.01,48.2,11.41
387,Corn Island,100,NI,1566685319,76,12.17,-83.04,83.18,8.79
388,Quelimane,20,MZ,1566685320,83,-17.88,36.89,73.4,2.24
389,Tuchola,0,PL,1566685322,59,53.59,17.86,70.0,4.7
390,Serenje,1,ZM,1566685324,75,-13.23,30.22,54.2,8.05
391,Orotukan,0,RU,1566685326,67,62.26,151.67,55.1,6.2
392,Correntina,88,BR,1566685327,33,-13.34,-44.63,80.3,6.78
393,Pimentel,14,BR,1566685329,51,-3.7,-45.5,83.9,1.95
394,Tysmenychany,0,UA,1566685331,93,48.77,24.66,72.0,2.24
395,Boysun,0,UZ,1566685333,45,38.2,67.2,49.88,4.03
396,Lampa,75,CL,1566685334,35,-33.29,-70.87,69.8,9.17
397,Alyangula,35,AU,1566685335,100,-13.85,136.42,59.0,3.36
398,Gela,0,IT,1566685337,69,37.07,14.25,73.4,3.36
399,Punta de Bombon,46,PE,1566685338,72,-17.17,-71.79,59.78,6.17
400,Nouakchott,75,MR,1566685339,78,18.08,-15.98,82.4,10.29
401,Caravelas,73,BR,1566685085,78,-17.73,-39.27,73.1,8.28
402,High Level,75,CA,1566685342,45,58.52,-117.13,68.0,8.05
403,Mount Gambier,40,AU,1566685345,93,-37.83,140.78,39.2,5.82
404,Fairview,40,CA,1566685088,46,56.07,-118.38,69.8,14.99
405,Tigil,100,RU,1566685349,75,57.8,158.67,54.38,1.01
406,Kenora,19,CA,1566685351,69,49.76,-94.48,78.8,13.87
407,Wagar,91,US,1566685352,69,31.44,-87.99,93.0,2.46
408,Luba,100,PH,1566685354,91,17.32,120.7,73.28,3.78
409,Valley City,90,US,1566685279,78,46.92,-98.0,78.8,19.46
410,Vila do Maio,60,CV,1566685357,88,15.13,-23.22,76.34,8.88
411,Tevriz,0,RU,1566685359,91,57.51,72.4,51.86,6.49
412,Buin,40,CL,1566685360,52,-33.73,-70.74,69.8,4.7
413,Mae Hong Son,97,MM,1566685362,99,19.3,97.96,69.68,1.83
414,Lahij,20,YE,1566685142,36,13.06,44.88,93.44,2.42
415,Kaohsiung,90,TW,1566685365,94,22.62,120.31,78.8,20.8
416,Labuhan,100,ID,1566685367,88,-2.54,115.51,75.26,1.01
417,Basco,1,US,1566685369,53,40.33,-91.2,75.99,8.05
418,Groton,40,US,1566685096,60,42.61,-71.57,72.0,6.93
419,Otane,0,NZ,1566685372,74,-39.89,176.62,55.0,13.0
420,Alofi,61,NU,1566685373,78,-19.06,-169.92,80.6,8.05
421,Don Benito,0,ES,1566685375,33,38.95,-5.86,82.0,7.0
422,Mahajanga,0,MG,1566685376,68,-15.72,46.32,69.8,3.36
423,Sladkovo,0,RU,1566685377,93,55.53,70.34,52.58,6.24
424,Tamandare,72,BR,1566685379,39,-8.28,-70.75,90.02,1.48
425,Taber,75,CA,1566685381,31,49.79,-112.14,80.01,13.87
426,San Juan,0,AR,1566685116,30,-31.54,-68.53,59.24,7.23
427,Praya,40,ID,1566685383,88,-8.71,116.27,75.2,8.05
428,Sao Jose da Coroa Grande,14,BR,1566685385,93,-8.9,-35.15,70.22,4.92
429,Komsomolskiy,35,RU,1566685386,95,67.55,63.78,35.84,6.87
430,Aksarka,100,RU,1566685387,71,66.56,67.8,44.48,15.64
431,Copenhagen,0,DK,1566685366,87,55.69,12.57,64.0,3.36
432,Ajdabiya,0,LY,1566685390,71,30.75,20.22,80.48,19.57
433,Salta,0,AR,1566685218,40,-24.79,-65.41,69.8,8.05
434,Bukama,0,CD,1566685393,32,-9.2,25.85,70.76,0.63
435,Voznesenye,0,RU,1566685394,98,61.02,35.48,51.68,5.23
436,Chake Chake,0,TZ,1566685396,81,-5.25,39.77,76.88,13.53
437,Kamariotissa,0,GR,1566685398,65,40.48,25.47,77.0,12.75
438,Sidlaghatta,40,IN,1566685399,100,13.39,77.86,68.0,12.75
439,Catuday,100,PH,1566685401,79,16.29,119.81,83.54,18.75
440,Ambon,40,FR,1566685403,100,47.55,-2.56,68.0,4.7
441,Caernarfon,80,GB,1566685405,72,53.14,-4.27,70.0,1.12
442,Kikwit,3,CD,1566685407,28,-5.04,18.82,82.82,2.48
443,Nagai,95,JP,1566685409,78,38.14,139.98,71.01,5.7
444,Sochi,75,RU,1566685411,78,43.6,39.73,71.6,11.18
445,Bati,1,ET,1566685412,74,11.19,40.02,66.62,5.39
446,Volterra,40,IT,1566685414,53,43.4,10.86,79.0,4.7
447,Dharchula,54,IN,1566685416,89,29.85,80.53,51.68,1.14
448,Garowe,14,SO,1566685418,59,8.41,48.48,79.58,27.74
449,Palu,100,ID,1566685420,90,-0.9,119.87,74.18,2.77
450,Nelson Bay,0,AU,1566685421,76,-32.72,152.14,62.01,6.93
451,Penzance,100,GB,1566685423,100,50.12,-5.53,62.01,5.82
452,Denia,0,ES,1566685426,86,38.84,0.11,77.0,1.01
453,Hasaki,75,JP,1566685428,88,35.73,140.83,72.0,9.17
454,Ulaanbaatar,40,MN,1566685430,93,47.92,106.92,55.4,4.47
455,Walvis Bay,0,NA,1566685431,12,-22.95,14.51,111.2,17.22
456,Rundu,0,NA,1566685434,17,-17.91,19.77,62.6,3.36
457,Sorong,100,ID,1566685435,90,-0.86,131.25,74.0,7.56
458,Batagay-Alyta,77,RU,1566685437,79,67.8,130.41,47.18,1.25
459,Taos,20,US,1566685438,15,36.41,-105.57,87.8,10.29
460,Suntar,100,RU,1566685441,98,62.16,117.65,49.88,2.93
461,Wodonga,26,AU,1566685205,81,-36.12,146.89,45.0,5.82
462,Mayo,40,CA,1566685444,44,63.59,-135.9,59.0,6.93
463,Saint-Ambroise,5,CA,1566685446,46,48.56,-71.32,71.6,4.7
464,Mana,98,NG,1566685447,76,13.03,5.27,78.68,16.37
465,Two Hills,65,CA,1566685449,64,53.71,-111.75,66.8,1.95
466,Gubkinskiy,48,RU,1566685450,95,64.43,76.5,50.06,3.31
467,Kloulklubed,90,PW,1566685452,88,7.04,134.26,77.0,10.29
468,Ploemeur,46,FR,1566685453,93,47.73,-3.43,64.99,4.7
469,Faanui,79,PF,1566685382,67,-16.48,-151.75,77.96,7.25
470,Banda Aceh,100,ID,1566685456,88,5.56,95.32,78.14,27.16
471,Bowen,90,AU,1566685457,88,-20.01,148.25,68.0,3.36
472,Iquique,75,CL,1566685459,67,-20.22,-70.14,60.8,10.29
473,Nizhniy Kuranakh,100,RU,1566685461,94,58.84,125.49,54.38,1.25
474,Key West,1,US,1566685432,44,47.93,-96.78,82.4,24.16
475,Gamba,67,CN,1566685464,72,28.28,88.52,41.06,5.06
476,Perth,0,AU,1566685248,76,-31.95,115.86,50.0,5.82
477,Ojinaga,1,US,1566685468,25,29.56,-104.41,98.6,6.93
478,Ketchikan,90,US,1566685253,87,55.34,-131.65,64.4,11.41
479,Ginda,98,IN,1566685472,94,30.69,78.49,59.6,2.44
480,Cubuk,0,TR,1566685473,45,40.24,33.03,72.0,3.36
481,College,1,US,1566685475,71,64.86,-147.8,59.0,4.7
482,Talakag,90,PH,1566685476,89,8.23,124.6,75.99,5.01
483,Khandagayty,69,MN,1566685478,82,50.73,92.07,38.18,2.1
484,Svetlogorsk,20,RU,1566685480,93,53.14,59.15,48.2,11.18
485,Hit,72,IQ,1566685481,18,33.64,42.83,90.74,5.35
486,Yumen,100,CN,1566685482,22,40.29,97.04,74.72,24.54
487,Kem,98,UG,1566685484,87,2.68,33.77,67.34,2.75
488,Aksu,0,KZ,1566685485,67,52.04,76.93,62.6,6.71
489,Sabaudia,0,IT,1566685488,57,41.3,13.03,77.0,3.36
490,Kirkland Lake,1,CA,1566685489,46,48.15,-80.03,71.6,4.7
491,Dvinskoy,100,RU,1566685491,96,62.16,45.12,50.78,8.39
492,Khor,100,RU,1566685493,94,47.88,134.96,54.74,3.62
493,Lavrentiya,100,RU,1566685494,62,65.58,-170.99,52.58,4.14
494,Mumbwa,49,ZM,1566685495,45,-14.99,27.06,56.54,5.26
495,Elin Pelin,0,BG,1566685497,56,42.67,23.6,71.6,8.05
496,Laguna,40,BZ,1566685498,70,16.17,-88.94,89.6,6.93
497,Promyshlennyy,0,RU,1566685500,96,67.58,63.92,34.94,5.5
498,Sisimiut,0,GL,1566685501,81,66.94,-53.67,43.04,19.17
499,Beira,0,ES,1566685502,88,43.2,-8.36,66.99,5.82
500,Anloga,20,GH,1566685504,88,5.79,0.9,77.0,13.87
501,Byron Bay,0,AU,1566685506,82,-28.65,153.62,66.0,2.53
502,Santa Cruz,32,BR,1566685345,64,-6.22,-36.02,75.98,16.51
503,Yulara,0,AU,1566685508,65,-25.24,130.99,46.4,4.7
504,Yuxia,90,CN,1566685510,100,34.06,108.63,73.4,4.47
505,Poltavka,100,RU,1566685512,86,54.36,71.76,55.28,5.84
506,Copacabana,53,BO,1566685513,47,-16.17,-69.08,50.96,9.4
507,Xinxiang,95,CN,1566685515,72,35.3,113.88,68.24,0.4
508,Nome,40,US,1566685516,66,30.04,-94.42,91.4,5.82
509,Pilar,0,AR,1566685518,71,-34.46,-58.91,60.01,5.82
510,Aleksandrovskoye,20,RU,1566685520,93,56.74,85.39,60.01,8.95
511,Manzil Salim,40,TN,1566685521,83,35.86,8.48,69.8,4.7
512,Gigmoto,100,PH,1566685523,79,13.78,124.39,82.1,10.74
513,Damghan,0,IR,1566685524,42,36.17,54.34,53.84,0.29
514,Berdigestyakh,67,RU,1566685385,87,62.1,126.7,51.5,1.41
515,Lithakia,0,GR,1566685528,60,37.72,20.83,86.0,7.29
516,Flinders,0,AU,1566685529,43,-34.58,150.85,61.0,1.12
517,Menongue,99,AO,1566685531,30,-14.66,17.68,55.28,5.48
518,Apastovo,0,RU,1566685533,76,55.2,48.51,55.4,6.71
519,Timbuktu,91,ML,1566685535,44,16.77,-3.01,91.1,12.39
520,Tual,100,ID,1566685536,81,-5.67,132.75,75.8,14.5
521,Flin Flon,90,CA,1566685537,88,54.77,-101.88,66.2,6.93
522,Egvekinot,17,RU,1566685539,56,66.32,-179.17,55.1,4.59
523,Omaruru,0,NA,1566685540,32,-21.42,15.95,58.34,3.33
524,Chiredzi,0,ZW,1566685542,61,-21.05,31.67,65.0,4.79
525,Kingsville,1,US,1566685544,63,27.52,-97.86,95.0,18.34
526,Bhadrachalam,100,IN,1566685545,80,17.67,80.89,75.08,4.7
527,Beringovskiy,38,RU,1566685546,67,63.05,179.32,57.44,6.26
528,Dwarka,40,IN,1566685548,88,28.58,77.04,80.6,3.36
529,Tibati,94,CM,1566685550,96,6.47,12.63,64.64,2.26
530,Nanortalik,100,GL,1566685551,72,60.14,-45.24,44.66,10.38
531,Tuy Hoa,99,VN,1566685552,83,13.08,109.3,74.9,5.46
532,Hambantota,90,LK,1566685554,100,6.12,81.12,77.0,5.82
533,Ostrovnoy,100,RU,1566685555,95,68.05,39.51,44.12,9.04
534,Tera,20,CY,1566685557,94,34.97,32.42,80.6,5.82
535,Dicabisagan,100,PH,1566685559,82,17.08,122.42,75.44,2.51
536,Rio Branco,75,BR,1566685561,41,-9.98,-67.82,91.4,1.12
537,Bereda,0,ES,1566685562,88,43.27,-7.54,66.99,5.82
538,Road Town,40,VG,1566685317,74,18.42,-64.62,86.0,9.17
539,Hirara,75,JP,1566685565,83,24.8,125.28,82.4,14.99
540,Coari,59,BR,1566685567,49,-4.09,-63.14,91.46,1.5
541,Yatou,40,CM,1566685568,100,3.63,9.81,73.4,3.36
542,Eureka,1,US,1566685570,68,40.8,-124.16,69.8,8.05
543,Makaha,90,US,1566685571,66,21.47,-158.22,88.0,11.41
544,Garh Maharaja,0,PK,1566685573,26,30.83,71.9,95.42,11.07
545,Martapura,20,ID,1566685574,88,-3.41,114.85,77.0,2.24
546,Pestovo,0,RU,1566685575,72,55.36,37.98,64.0,8.95
547,Sonoita,1,US,1566685577,37,31.68,-110.66,96.01,9.17
548,Korem,100,ET,1566685578,89,12.51,39.52,55.82,8.9
549,Tomatlan,12,MX,1566685580,64,19.93,-105.25,88.76,21.16
550,Sulangan,100,PH,1566685583,74,11.14,123.72,80.84,4.0
551,Calama,0,CL,1566685584,7,-22.46,-68.93,69.8,19.46
552,Waipawa,0,NZ,1566685586,74,-39.94,176.59,55.0,13.0
553,Pangody,100,RU,1566685588,91,65.85,74.49,48.98,23.98
554,Kununurra,99,AU,1566685590,71,-15.77,128.74,51.8,3.4
555,Hailar,0,CN,1566685592,90,49.2,119.7,53.48,4.12
556,Champerico,75,MX,1566685594,58,16.38,-93.6,87.8,14.99
557,Arman,100,RU,1566685595,95,59.7,150.17,50.6,3.42
558,Changji,16,CN,1566685597,80,32.07,116.17,72.38,5.32
559,Namatanai,93,PG,1566685598,83,-3.66,152.44,79.22,12.03
560,Ukiah,1,US,1566685484,28,39.15,-123.21,93.99,11.41
561,Monroe,40,US,1566685601,46,41.91,-83.4,73.99,8.05
562,San Quintin,100,PH,1566685602,91,17.54,120.52,73.28,3.78
563,Sibu,75,MY,1566685604,94,2.29,111.83,75.2,4.7
564,Popondetta,76,PG,1566685605,88,-8.77,148.24,61.58,4.5
565,Si Bun Ruang,96,TH,1566685606,93,16.97,102.28,73.64,3.2
566,Boddam,89,GB,1566685608,87,57.47,-1.78,61.0,4.7
